{
  "id": "1529817",
  "name": "小米商城",
  "font_family": "iconfont",
  "css_prefix_text": "icon-",
  "description": "",
  "glyphs": [
    {
      "icon_id": "220498",
      "name": "首页",
      "font_class": "shouye2",
      "unicode": "e646",
      "unicode_decimal": 58950
    },
    {
      "icon_id": "985318",
      "name": "星球",
      "font_class": "xingqiu",
      "unicode": "e6a5",
      "unicode_decimal": 59045
    },
    {
      "icon_id": "1408781",
      "name": "shouye",
      "font_class": "shouye",
      "unicode": "e607",
      "unicode_decimal": 58887
    },
    {
      "icon_id": "1896574",
      "name": "搜索分类",
      "font_class": "sousuofenlei",
      "unicode": "e611",
      "unicode_decimal": 58897
    },
    {
      "icon_id": "2365587",
      "name": "我的钱包",
      "font_class": "wodeqianbao",
      "unicode": "e600",
      "unicode_decimal": 58880
    },
    {
      "icon_id": "2614283",
      "name": "右箭头",
      "font_class": "shangjiantou",
      "unicode": "e67f",
      "unicode_decimal": 59007
    },
    {
      "icon_id": "2832707",
      "name": "额度",
      "font_class": "edu",
      "unicode": "e608",
      "unicode_decimal": 58888
    },
    {
      "icon_id": "3057857",
      "name": "右箭头",
      "font_class": "icon",
      "unicode": "e66b",
      "unicode_decimal": 58987
    },
    {
      "icon_id": "3498425",
      "name": "搜索--1",
      "font_class": "sousuo",
      "unicode": "e614",
      "unicode_decimal": 58900
    },
    {
      "icon_id": "3616908",
      "name": "错",
      "font_class": "cuo",
      "unicode": "e618",
      "unicode_decimal": 58904
    },
    {
      "icon_id": "3977710",
      "name": "退换修",
      "font_class": "tuihuanxiu",
      "unicode": "e63f",
      "unicode_decimal": 58943
    },
    {
      "icon_id": "4856432",
      "name": "待收货",
      "font_class": "ziyuan",
      "unicode": "e645",
      "unicode_decimal": 58949
    },
    {
      "icon_id": "5725664",
      "name": "扫一扫",
      "font_class": "saoyisao",
      "unicode": "e623",
      "unicode_decimal": 58915
    },
    {
      "icon_id": "5944340",
      "name": "购物车-23",
      "font_class": "qicheqianlian-1-copy",
      "unicode": "e601",
      "unicode_decimal": 58881
    },
    {
      "icon_id": "7218323",
      "name": "服 务",
      "font_class": "service",
      "unicode": "e602",
      "unicode_decimal": 58882
    },
    {
      "icon_id": "7343910",
      "name": "消息",
      "font_class": "icon-test",
      "unicode": "e615",
      "unicode_decimal": 58901
    },
    {
      "icon_id": "7357480",
      "name": "会员",
      "font_class": "huiyuan",
      "unicode": "e603",
      "unicode_decimal": 58883
    },
    {
      "icon_id": "7413725",
      "name": "服 务",
      "font_class": "fuwu1",
      "unicode": "e604",
      "unicode_decimal": 58884
    },
    {
      "icon_id": "7468494",
      "name": "更多功能",
      "font_class": "gengduogongneng",
      "unicode": "e622",
      "unicode_decimal": 58914
    },
    {
      "icon_id": "7475294",
      "name": "京东礼品卡",
      "font_class": "jingdonglipinqia",
      "unicode": "e7e6",
      "unicode_decimal": 59366
    },
    {
      "icon_id": "7513462",
      "name": "我的",
      "font_class": "wode",
      "unicode": "e6ae",
      "unicode_decimal": 59054
    },
    {
      "icon_id": "7793613",
      "name": "右箭头",
      "font_class": "icon1",
      "unicode": "e605",
      "unicode_decimal": 58885
    },
    {
      "icon_id": "7903051",
      "name": "右箭头",
      "font_class": "youjiantou",
      "unicode": "e606",
      "unicode_decimal": 58886
    },
    {
      "icon_id": "8232881",
      "name": "优惠券",
      "font_class": "youhuiquan-01",
      "unicode": "e609",
      "unicode_decimal": 58889
    },
    {
      "icon_id": "8287637",
      "name": "消息",
      "font_class": "xiaoxi-copy",
      "unicode": "e690",
      "unicode_decimal": 59024
    },
    {
      "icon_id": "8564694",
      "name": "相机",
      "font_class": "xiangji",
      "unicode": "e686",
      "unicode_decimal": 59014
    },
    {
      "icon_id": "8634165",
      "name": "眼睛",
      "font_class": "xingzhuang",
      "unicode": "e60a",
      "unicode_decimal": 58890
    },
    {
      "icon_id": "8659112",
      "name": "用户",
      "font_class": "yonghu",
      "unicode": "e60b",
      "unicode_decimal": 58891
    },
    {
      "icon_id": "8958887",
      "name": "京东礼品卡",
      "font_class": "jingdonglipinqia1",
      "unicode": "e6f1",
      "unicode_decimal": 59121
    },
    {
      "icon_id": "9446592",
      "name": "待评价",
      "font_class": "pingjia",
      "unicode": "e613",
      "unicode_decimal": 58899
    },
    {
      "icon_id": "10097388",
      "name": "星球卡",
      "font_class": "xingqiuka",
      "unicode": "e617",
      "unicode_decimal": 58903
    },
    {
      "icon_id": "10160232",
      "name": "我 的",
      "font_class": "wode1",
      "unicode": "e60c",
      "unicode_decimal": 58892
    },
    {
      "icon_id": "10392050",
      "name": "小米",
      "font_class": "xiaomi",
      "unicode": "e616",
      "unicode_decimal": 58902
    },
    {
      "icon_id": "10742356",
      "name": "会 员1-01",
      "font_class": "huiyuan-",
      "unicode": "e60d",
      "unicode_decimal": 58893
    },
    {
      "icon_id": "11084460",
      "name": "会员",
      "font_class": "huiyuan1",
      "unicode": "e60e",
      "unicode_decimal": 58894
    },
    {
      "icon_id": "11112417",
      "name": "设 置",
      "font_class": "settings",
      "unicode": "e60f",
      "unicode_decimal": 58895
    },
    {
      "icon_id": "11260352",
      "name": "home",
      "font_class": "xuanzhongshangcheng",
      "unicode": "e610",
      "unicode_decimal": 58896
    },
    {
      "icon_id": "11359653",
      "name": "代付款",
      "font_class": "daifukuan",
      "unicode": "e673",
      "unicode_decimal": 58995
    },
    {
      "icon_id": "11665567",
      "name": "home",
      "font_class": "shouye1",
      "unicode": "e612",
      "unicode_decimal": 58898
    }
  ]
}
